{"cameraMode":{"drawMode":0,"name":"Shaded","section":"Shading Mode"},"sceneLighting":false,"audioPlay":false,"sceneViewState":{"m_AlwaysRefresh":false,"showFog":false,"showSkybox":false,"showFlares":false,"showImageEffects":false,"showParticleSystems":false,"showVisualEffectGraphs":true,"m_FxEnabled":true},"in2DMode":false,"pivot":{"x":-0.040112659335136417,"y":0.11389727890491486,"z":1.1551086902618409},"rotation":{"x":-0.13606326282024384,"y":-0.06771010905504227,"z":0.009321934543550015,"w":-0.9883277416229248},"size":1.583508849143982,"orthographic":false}